-- phpMyAdmin SQL Dump
-- version 4.8.5
-- https://www.phpmyadmin.net/
--
-- Servidor: 127.0.0.1
-- Tiempo de generación: 21-08-2019 a las 04:57:35
-- Versión del servidor: 10.1.38-MariaDB
-- Versión de PHP: 7.3.2

SET SQL_MODE = "NO_AUTO_VALUE_ON_ZERO";
SET AUTOCOMMIT = 0;
START TRANSACTION;
SET time_zone = "+00:00";


/*!40101 SET @OLD_CHARACTER_SET_CLIENT=@@CHARACTER_SET_CLIENT */;
/*!40101 SET @OLD_CHARACTER_SET_RESULTS=@@CHARACTER_SET_RESULTS */;
/*!40101 SET @OLD_COLLATION_CONNECTION=@@COLLATION_CONNECTION */;
/*!40101 SET NAMES utf8mb4 */;

--
-- Base de datos: `frame`
--

-- --------------------------------------------------------

--
-- Estructura de tabla para la tabla `comunas`
--

CREATE TABLE `comunas` (
  `id` int(11) NOT NULL,
  `comuna` varchar(64) NOT NULL,
  `provincia_id` int(11) NOT NULL
) ENGINE=MyISAM DEFAULT CHARSET=utf8;

--
-- Volcado de datos para la tabla `comunas`
--

INSERT INTO `comunas` (`id`, `comuna`, `provincia_id`) VALUES
(1, 'Arica', 1),
(2, 'Camarones', 1),
(3, 'General Lagos', 2),
(4, 'Putre', 2),
(5, 'Alto Hospicio', 3),
(6, 'Iquique', 3),
(7, 'Camiña', 4),
(8, 'Colchane', 4),
(9, 'Huara', 4),
(10, 'Pica', 4),
(11, 'Pozo Almonte', 4),
(12, 'Tocopilla', 5),
(13, 'María Elena', 5),
(14, 'Calama', 6),
(15, 'Ollague', 6),
(16, 'San Pedro de Atacama', 6),
(17, 'Antofagasta', 7),
(18, 'Mejillones', 7),
(19, 'Sierra Gorda', 7),
(20, 'Taltal', 7),
(21, 'Chañaral', 8),
(22, 'Diego de Almagro', 8),
(23, 'Copiapó', 9),
(24, 'Caldera', 9),
(25, 'Tierra Amarilla', 9),
(26, 'Vallenar', 10),
(27, 'Alto del Carmen', 10),
(28, 'Freirina', 10),
(29, 'Huasco', 10),
(30, 'La Serena', 11),
(31, 'Coquimbo', 11),
(32, 'Andacollo', 11),
(33, 'La Higuera', 11),
(34, 'Paihuano', 11),
(35, 'Vicuña', 11),
(36, 'Ovalle', 12),
(37, 'Combarbalá', 12),
(38, 'Monte Patria', 12),
(39, 'Punitaqui', 12),
(40, 'Río Hurtado', 12),
(41, 'Illapel', 13),
(42, 'Canela', 13),
(43, 'Los Vilos', 13),
(44, 'Salamanca', 13),
(45, 'La Ligua', 14),
(46, 'Cabildo', 14),
(47, 'Zapallar', 14),
(48, 'Papudo', 14),
(49, 'Petorca', 14),
(50, 'Los Andes', 15),
(51, 'San Esteban', 15),
(52, 'Calle Larga', 15),
(53, 'Rinconada', 15),
(54, 'San Felipe', 16),
(55, 'Llaillay', 16),
(56, 'Putaendo', 16),
(57, 'Santa María', 16),
(58, 'Catemu', 16),
(59, 'Panquehue', 16),
(60, 'Quillota', 17),
(61, 'La Cruz', 17),
(62, 'La Calera', 17),
(63, 'Nogales', 17),
(64, 'Hijuelas', 17),
(65, 'Valparaíso', 18),
(66, 'Viña del Mar', 18),
(67, 'Concón', 18),
(68, 'Quintero', 18),
(69, 'Puchuncaví', 18),
(70, 'Casablanca', 18),
(71, 'Juan Fernández', 18),
(72, 'San Antonio', 19),
(73, 'Cartagena', 19),
(74, 'El Tabo', 19),
(75, 'El Quisco', 19),
(76, 'Algarrobo', 19),
(77, 'Santo Domingo', 19),
(78, 'Isla de Pascua', 20),
(79, 'Quilpué', 21),
(80, 'Limache', 21),
(81, 'Olmué', 21),
(82, 'Villa Alemana', 21),
(83, 'Colina', 22),
(84, 'Lampa', 22),
(85, 'Tiltil', 22),
(86, 'Santiago', 23),
(87, 'Vitacura', 23),
(88, 'San Ramón', 23),
(89, 'San Miguel', 23),
(90, 'San Joaquín', 23),
(91, 'Renca', 23),
(92, 'Recoleta', 23),
(93, 'Quinta Normal', 23),
(94, 'Quilicura', 23),
(95, 'Pudahuel', 23),
(96, 'Providencia', 23),
(97, 'Peñalolén', 23),
(98, 'Pedro Aguirre Cerda', 23),
(99, 'Ñuñoa', 23),
(100, 'Maipú', 23),
(101, 'Macul', 23),
(102, 'Lo Prado', 23),
(103, 'Lo Espejo', 23),
(104, 'Lo Barnechea', 23),
(105, 'Las Condes', 23),
(106, 'La Reina', 23),
(107, 'La Pintana', 23),
(108, 'La Granja', 23),
(109, 'La Florida', 23),
(110, 'La Cisterna', 23),
(111, 'Independencia', 23),
(112, 'Huechuraba', 23),
(113, 'Estación Central', 23),
(114, 'El Bosque', 23),
(115, 'Conchalí', 23),
(116, 'Cerro Navia', 23),
(117, 'Cerrillos', 23),
(118, 'Puente Alto', 24),
(119, 'San José de Maipo', 24),
(120, 'Pirque', 24),
(121, 'San Bernardo', 25),
(122, 'Buin', 25),
(123, 'Paine', 25),
(124, 'Calera de Tango', 25),
(125, 'Melipilla', 26),
(126, 'Alhué', 26),
(127, 'Curacaví', 26),
(128, 'María Pinto', 26),
(129, 'San Pedro', 26),
(130, 'Isla de Maipo', 27),
(131, 'El Monte', 27),
(132, 'Padre Hurtado', 27),
(133, 'Peñaflor', 27),
(134, 'Talagante', 27),
(135, 'Codegua', 28),
(136, 'Coínco', 28),
(137, 'Coltauco', 28),
(138, 'Doñihue', 28),
(139, 'Graneros', 28),
(140, 'Las Cabras', 28),
(141, 'Machalí', 28),
(142, 'Malloa', 28),
(143, 'Mostazal', 28),
(144, 'Olivar', 28),
(145, 'Peumo', 28),
(146, 'Pichidegua', 28),
(147, 'Quinta de Tilcoco', 28),
(148, 'Rancagua', 28),
(149, 'Rengo', 28),
(150, 'Requínoa', 28),
(151, 'San Vicente de Tagua Tagua', 28),
(152, 'Chépica', 29),
(153, 'Chimbarongo', 29),
(154, 'Lolol', 29),
(155, 'Nancagua', 29),
(156, 'Palmilla', 29),
(157, 'Peralillo', 29),
(158, 'Placilla', 29),
(159, 'Pumanque', 29),
(160, 'San Fernando', 29),
(161, 'Santa Cruz', 29),
(162, 'La Estrella', 30),
(163, 'Litueche', 30),
(164, 'Marchigüe', 30),
(165, 'Navidad', 30),
(166, 'Paredones', 30),
(167, 'Pichilemu', 30),
(168, 'Curicó', 31),
(169, 'Hualañé', 31),
(170, 'Licantén', 31),
(171, 'Molina', 31),
(172, 'Rauco', 31),
(173, 'Romeral', 31),
(174, 'Sagrada Familia', 31),
(175, 'Teno', 31),
(176, 'Vichuquén', 31),
(177, 'Talca', 32),
(178, 'San Clemente', 32),
(179, 'Pelarco', 32),
(180, 'Pencahue', 32),
(181, 'Maule', 32),
(182, 'San Rafael', 32),
(183, 'Curepto', 33),
(184, 'Constitución', 32),
(185, 'Empedrado', 32),
(186, 'Río Claro', 32),
(187, 'Linares', 33),
(188, 'San Javier', 33),
(189, 'Parral', 33),
(190, 'Villa Alegre', 33),
(191, 'Longaví', 33),
(192, 'Colbún', 33),
(193, 'Retiro', 33),
(194, 'Yerbas Buenas', 33),
(195, 'Cauquenes', 34),
(196, 'Chanco', 34),
(197, 'Pelluhue', 34),
(198, 'Bulnes', 35),
(199, 'Chillán', 35),
(200, 'Chillán Viejo', 35),
(201, 'El Carmen', 35),
(202, 'Pemuco', 35),
(203, 'Pinto', 35),
(204, 'Quillón', 35),
(205, 'San Ignacio', 35),
(206, 'Yungay', 35),
(207, 'Cobquecura', 36),
(208, 'Coelemu', 36),
(209, 'Ninhue', 36),
(210, 'Portezuelo', 36),
(211, 'Quirihue', 36),
(212, 'Ránquil', 36),
(213, 'Treguaco', 36),
(214, 'San Carlos', 37),
(215, 'Coihueco', 37),
(216, 'San Nicolás', 37),
(217, 'Ñiquén', 37),
(218, 'San Fabián', 37),
(219, 'Alto Biobío', 38),
(220, 'Antuco', 38),
(221, 'Cabrero', 38),
(222, 'Laja', 38),
(223, 'Los Ángeles', 38),
(224, 'Mulchén', 38),
(225, 'Nacimiento', 38),
(226, 'Negrete', 38),
(227, 'Quilaco', 38),
(228, 'Quilleco', 38),
(229, 'San Rosendo', 38),
(230, 'Santa Bárbara', 38),
(231, 'Tucapel', 38),
(232, 'Yumbel', 38),
(233, 'Concepción', 39),
(234, 'Coronel', 39),
(235, 'Chiguayante', 39),
(236, 'Florida', 39),
(237, 'Hualpén', 39),
(238, 'Hualqui', 39),
(239, 'Lota', 39),
(240, 'Penco', 39),
(241, 'San Pedro de La Paz', 39),
(242, 'Santa Juana', 39),
(243, 'Talcahuano', 39),
(244, 'Tomé', 39),
(245, 'Arauco', 40),
(246, 'Cañete', 40),
(247, 'Contulmo', 40),
(248, 'Curanilahue', 40),
(249, 'Lebu', 40),
(250, 'Los Álamos', 40),
(251, 'Tirúa', 40),
(252, 'Angol', 41),
(253, 'Collipulli', 41),
(254, 'Curacautín', 41),
(255, 'Ercilla', 41),
(256, 'Lonquimay', 41),
(257, 'Los Sauces', 41),
(258, 'Lumaco', 41),
(259, 'Purén', 41),
(260, 'Renaico', 41),
(261, 'Traiguén', 41),
(262, 'Victoria', 41),
(263, 'Temuco', 42),
(264, 'Carahue', 42),
(265, 'Cholchol', 42),
(266, 'Cunco', 42),
(267, 'Curarrehue', 42),
(268, 'Freire', 42),
(269, 'Galvarino', 42),
(270, 'Gorbea', 42),
(271, 'Lautaro', 42),
(272, 'Loncoche', 42),
(273, 'Melipeuco', 42),
(274, 'Nueva Imperial', 42),
(275, 'Padre Las Casas', 42),
(276, 'Perquenco', 42),
(277, 'Pitrufquén', 42),
(278, 'Pucón', 42),
(279, 'Saavedra', 42),
(280, 'Teodoro Schmidt', 42),
(281, 'Toltén', 42),
(282, 'Vilcún', 42),
(283, 'Villarrica', 42),
(284, 'Valdivia', 43),
(285, 'Corral', 43),
(286, 'Lanco', 43),
(287, 'Los Lagos', 43),
(288, 'Máfil', 43),
(289, 'Mariquina', 43),
(290, 'Paillaco', 43),
(291, 'Panguipulli', 43),
(292, 'La Unión', 44),
(293, 'Futrono', 44),
(294, 'Lago Ranco', 44),
(295, 'Río Bueno', 44),
(297, 'Osorno', 45),
(298, 'Puerto Octay', 45),
(299, 'Purranque', 45),
(300, 'Puyehue', 45),
(301, 'Río Negro', 45),
(302, 'San Juan de la Costa', 45),
(303, 'San Pablo', 45),
(304, 'Calbuco', 46),
(305, 'Cochamó', 46),
(306, 'Fresia', 46),
(307, 'Frutillar', 46),
(308, 'Llanquihue', 46),
(309, 'Los Muermos', 46),
(310, 'Maullín', 46),
(311, 'Puerto Montt', 46),
(312, 'Puerto Varas', 46),
(313, 'Ancud', 47),
(314, 'Castro', 47),
(315, 'Chonchi', 47),
(316, 'Curaco de Vélez', 47),
(317, 'Dalcahue', 47),
(318, 'Puqueldón', 47),
(319, 'Queilén', 47),
(320, 'Quellón', 47),
(321, 'Quemchi', 47),
(322, 'Quinchao', 47),
(323, 'Chaitén', 48),
(324, 'Futaleufú', 48),
(325, 'Hualaihué', 48),
(326, 'Palena', 48),
(327, 'Lago Verde', 49),
(328, 'Coihaique', 49),
(329, 'Aysén', 50),
(330, 'Cisnes', 50),
(331, 'Guaitecas', 50),
(332, 'Río Ibáñez', 51),
(333, 'Chile Chico', 51),
(334, 'Cochrane', 52),
(335, 'O\'Higgins', 52),
(336, 'Tortel', 52),
(337, 'Natales', 53),
(338, 'Torres del Paine', 53),
(339, 'Laguna Blanca', 54),
(340, 'Punta Arenas', 54),
(341, 'Río Verde', 54),
(342, 'San Gregorio', 54),
(343, 'Porvenir', 55),
(344, 'Primavera', 55),
(345, 'Timaukel', 55),
(346, 'Cabo de Hornos', 56),
(347, 'Antártica', 56);

-- --------------------------------------------------------

--
-- Estructura de tabla para la tabla `fotos`
--

CREATE TABLE `fotos` (
  `id_fotos` int(11) NOT NULL,
  `id_publicacion` int(11) NOT NULL,
  `grande` varchar(200) COLLATE utf8_bin NOT NULL,
  `pequena` varchar(200) COLLATE utf8_bin NOT NULL
) ENGINE=InnoDB DEFAULT CHARSET=utf8 COLLATE=utf8_bin;

--
-- Volcado de datos para la tabla `fotos`
--

INSERT INTO `fotos` (`id_fotos`, `id_publicacion`, `grande`, `pequena`) VALUES
(49, 124, 'public/img/propiedades500/Koala.jpg', 'public/img/propiedades64/Koala.jpg'),
(57, 124, 'public/img/propiedades500/Jellyfish.jpg', 'public/img/propiedades64/Jellyfish.jpg'),
(65, 127, 'public/img/propiedades500/vendo_propiedad_con_dos_casas_en_talcahuano_centro_8730130531743433338.jpg', 'public/img/propiedades64/vendo_propiedad_con_dos_casas_en_talcahuano_centro_8730130531743433338.jpg');

-- --------------------------------------------------------

--
-- Estructura de tabla para la tabla `log`
--

CREATE TABLE `log` (
  `id` int(11) NOT NULL,
  `id_usuario` int(11) DEFAULT NULL,
  `ip` varchar(12) NOT NULL,
  `controlador` varchar(30) NOT NULL,
  `metodo` varchar(30) NOT NULL,
  `fecha` date NOT NULL,
  `hora` time NOT NULL
) ENGINE=InnoDB DEFAULT CHARSET=latin1;

-- --------------------------------------------------------

--
-- Estructura de tabla para la tabla `menu`
--

CREATE TABLE `menu` (
  `id_menu` int(11) NOT NULL,
  `titulo` varchar(50) NOT NULL,
  `enlace` varchar(50) NOT NULL
) ENGINE=InnoDB DEFAULT CHARSET=latin1;

-- --------------------------------------------------------

--
-- Estructura de tabla para la tabla `permisos`
--

CREATE TABLE `permisos` (
  `id_permisos` int(11) NOT NULL,
  `id_menu` int(11) NOT NULL,
  `id_role` int(11) NOT NULL,
  `permiso` int(1) NOT NULL
) ENGINE=InnoDB DEFAULT CHARSET=latin1;

-- --------------------------------------------------------

--
-- Estructura de tabla para la tabla `persona`
--

CREATE TABLE `persona` (
  `per_codigo` int(11) NOT NULL COMMENT 'codigo persona pk auto incremental',
  `per_rut` varchar(12) COLLATE utf8_bin DEFAULT NULL COMMENT 'rut de persona',
  `per_nombre` varchar(100) COLLATE utf8_bin DEFAULT NULL COMMENT 'nombre persona',
  `per_telefono` int(20) DEFAULT NULL COMMENT 'telefono persona',
  `per_obs` varchar(200) COLLATE utf8_bin DEFAULT NULL COMMENT 'observacion o descripcion',
  `per_usu_codigo` int(11) NOT NULL COMMENT 'fk desde la tabla usuario'
) ENGINE=InnoDB DEFAULT CHARSET=utf8 COLLATE=utf8_bin;

--
-- Volcado de datos para la tabla `persona`
--

INSERT INTO `persona` (`per_codigo`, `per_rut`, `per_nombre`, `per_telefono`, `per_obs`, `per_usu_codigo`) VALUES
(2, '', '', 0, '', 25),
(4, '264070368', 'adel lemus,', 940991119, 'obs', 27),
(5, '', '', 0, '', 28),
(6, '', '', 0, '', 29),
(7, '', '', 0, '', 30);

-- --------------------------------------------------------

--
-- Estructura de tabla para la tabla `propiedad`
--

CREATE TABLE `propiedad` (
  `id_propiedad` int(11) NOT NULL,
  `id_usuario` int(20) DEFAULT NULL,
  `fecha_pu` date NOT NULL,
  `region` varchar(200) COLLATE utf8_bin DEFAULT NULL,
  `provincia` varchar(200) COLLATE utf8_bin DEFAULT NULL,
  `comuna` varchar(200) COLLATE utf8_bin DEFAULT NULL,
  `direccion` varchar(200) COLLATE utf8_bin DEFAULT NULL,
  `referencia` varchar(200) COLLATE utf8_bin DEFAULT NULL,
  `titulo` varchar(200) COLLATE utf8_bin DEFAULT NULL,
  `Precio` varchar(200) COLLATE utf8_bin DEFAULT NULL,
  `contrato` varchar(200) COLLATE utf8_bin DEFAULT NULL,
  `espacio` varchar(200) COLLATE utf8_bin DEFAULT NULL,
  `cantp` varchar(200) COLLATE utf8_bin DEFAULT NULL,
  `cantb` varchar(200) COLLATE utf8_bin DEFAULT NULL,
  `Canta` varchar(200) COLLATE utf8_bin DEFAULT NULL,
  `descrip` varchar(200) COLLATE utf8_bin DEFAULT NULL
) ENGINE=InnoDB DEFAULT CHARSET=utf8 COLLATE=utf8_bin;

--
-- Volcado de datos para la tabla `propiedad`
--

INSERT INTO `propiedad` (`id_propiedad`, `id_usuario`, `fecha_pu`, `region`, `provincia`, `comuna`, `direccion`, `referencia`, `titulo`, `Precio`, `contrato`, `espacio`, `cantp`, `cantb`, `Canta`, `descrip`) VALUES
(124, 25, '2019-08-18', '', '', '', 'asdsadasdsad', 'asdasdasdas', 'villa en penco', '30000000', 'Arriendo', '', '3', '3', '3', '																																				sdfsdf							     							     							     							     							     '),
(127, 25, '2019-08-20', '11', '39', '233', '', '', 'vendo casa', '600000', '', '', '', '', '', '																    ');

-- --------------------------------------------------------

--
-- Estructura de tabla para la tabla `provincias`
--

CREATE TABLE `provincias` (
  `id` int(11) NOT NULL,
  `provincia` varchar(64) NOT NULL,
  `region_id` int(11) NOT NULL
) ENGINE=MyISAM DEFAULT CHARSET=utf8;

--
-- Volcado de datos para la tabla `provincias`
--

INSERT INTO `provincias` (`id`, `provincia`, `region_id`) VALUES
(1, 'Arica', 1),
(2, 'Parinacota', 1),
(3, 'Iquique', 2),
(4, 'El Tamarugal', 2),
(5, 'Tocopilla', 3),
(6, 'El Loa', 3),
(7, 'Antofagasta', 3),
(8, 'Chañaral', 4),
(9, 'Copiapó', 4),
(10, 'Huasco', 4),
(11, 'Elqui', 5),
(12, 'Limarí', 5),
(13, 'Choapa', 5),
(14, 'Petorca', 6),
(15, 'Los Andes', 6),
(16, 'San Felipe de Aconcagua', 6),
(17, 'Quillota', 6),
(18, 'Valparaiso', 6),
(19, 'San Antonio', 6),
(20, 'Isla de Pascua', 6),
(21, 'Marga Marga', 6),
(22, 'Chacabuco', 7),
(23, 'Santiago', 7),
(24, 'Cordillera', 7),
(25, 'Maipo', 7),
(26, 'Melipilla', 7),
(27, 'Talagante', 7),
(28, 'Cachapoal', 8),
(29, 'Colchagua', 8),
(30, 'Cardenal Caro', 8),
(31, 'Curicó', 9),
(32, 'Talca', 9),
(33, 'Linares', 9),
(34, 'Cauquenes', 9),
(35, 'Diguillín', 10),
(36, 'Itata', 10),
(37, 'Punilla', 10),
(38, 'Bio Bío', 11),
(39, 'Concepción', 11),
(40, 'Arauco', 11),
(41, 'Malleco', 12),
(42, 'Cautín', 12),
(43, 'Valdivia', 13),
(44, 'Ranco', 13),
(45, 'Osorno', 14),
(46, 'Llanquihue', 14),
(47, 'Chiloé', 14),
(48, 'Palena', 14),
(49, 'Coyhaique', 15),
(50, 'Aysén', 15),
(51, 'General Carrera', 15),
(52, 'Capitán Prat', 15),
(53, 'Última Esperanza', 16),
(54, 'Magallanes', 16),
(55, 'Tierra del Fuego', 16),
(56, 'Antártica Chilena', 16);

-- --------------------------------------------------------

--
-- Estructura de tabla para la tabla `regiones`
--

CREATE TABLE `regiones` (
  `id` int(11) NOT NULL,
  `region` varchar(64) NOT NULL,
  `abreviatura` varchar(4) NOT NULL,
  `capital` varchar(64) NOT NULL
) ENGINE=MyISAM DEFAULT CHARSET=utf8;

--
-- Volcado de datos para la tabla `regiones`
--

INSERT INTO `regiones` (`id`, `region`, `abreviatura`, `capital`) VALUES
(1, 'Arica y Parinacota', 'AP', 'Arica'),
(2, 'Tarapacá', 'TA', 'Iquique'),
(3, 'Antofagasta', 'AN', 'Antofagasta'),
(4, 'Atacama', 'AT', 'Copiapó'),
(5, 'Coquimbo', 'CO', 'La Serena'),
(6, 'Valparaiso', 'VA', 'valparaíso'),
(7, 'Metropolitana de Santiago', 'RM', 'Santiago'),
(8, 'Libertador General Bernardo O\'Higgins', 'OH', 'Rancagua'),
(9, 'Maule', 'MA', 'Talca'),
(10, 'Ñuble', 'NB', 'Chillán'),
(11, 'Biobío', 'BI', 'Concepción'),
(12, 'La Araucanía', 'IAR', 'Temuco'),
(13, 'Los Ríos', 'LR', 'Valdivia'),
(14, 'Los Lagos', 'LL', 'Puerto Montt'),
(15, 'Aysén del General Carlos Ibáñez del Campo', 'AI', 'Coyhaique'),
(16, 'Magallanes y de la Antártica Chilena', 'MG', 'Punta Arenas');

-- --------------------------------------------------------

--
-- Estructura de tabla para la tabla `role`
--

CREATE TABLE `role` (
  `id_role` int(11) NOT NULL,
  `role` varchar(50) NOT NULL,
  `peso` int(11) NOT NULL
) ENGINE=InnoDB DEFAULT CHARSET=latin1;

--
-- Volcado de datos para la tabla `role`
--

INSERT INTO `role` (`id_role`, `role`, `peso`) VALUES
(1, 'admin_sistem', 1),
(2, 'independiente', 5),
(4, 'anonimo', 4);

-- --------------------------------------------------------

--
-- Estructura de tabla para la tabla `usuario`
--

CREATE TABLE `usuario` (
  `id_usuario` int(11) NOT NULL,
  `foto` varchar(300) COLLATE utf8_spanish_ci NOT NULL,
  `id_role` int(11) NOT NULL DEFAULT '2',
  `email` varchar(80) CHARACTER SET utf8 COLLATE utf8_bin DEFAULT NULL,
  `login` varchar(20) COLLATE utf8_spanish_ci NOT NULL,
  `password` varchar(100) COLLATE utf8_spanish_ci NOT NULL,
  `estado` int(11) NOT NULL DEFAULT '1',
  `nombre` varchar(100) COLLATE utf8_spanish_ci NOT NULL
) ENGINE=InnoDB DEFAULT CHARSET=utf8 COLLATE=utf8_spanish_ci;

--
-- Volcado de datos para la tabla `usuario`
--

INSERT INTO `usuario` (`id_usuario`, `foto`, `id_role`, `email`, `login`, `password`, `estado`, `nombre`) VALUES
(1, 'public/img/profile/legna18205@gmail.com.jpg', 1, 'legna18205@gmail.com', 'admin', '53362d5ea52a28e1a960323ea19b02cb2b828026', 1, 'angel charlot'),
(25, 'public/img/profile/desarrollopy205@gmail.com.jpg', 2, 'desarrollopy205@gmail.com', 'desarrollopy205', 'b68aecf5c3994c7bd0776d9ad1d48f096671560e', 1, 'angel charlot'),
(27, 'public/img/profile/adellemusb2@gmail.com.jpg', 2, 'adellemusb2@gmail.com', 'adellemusb2', 'd1b254c9620425f582e27f0044be34bee087d8b4', 1, 'adel lemus'),
(28, 'public/img/profile/usuario_out.jpg', 2, 'legna182055@gmail.com', '', '394892f8f65a45fae75a346eeedffcaad09bdf8e', 1, ''),
(29, 'public/img/profile/usuario_out.jpg', 2, 'legna1820555@gmail.com', '', '394892f8f65a45fae75a346eeedffcaad09bdf8e', 1, ''),
(30, 'public/img/profile/usuario_out.jpg', 2, 'legna182057@gmail.com', '', '394892f8f65a45fae75a346eeedffcaad09bdf8e', 1, '');

--
-- Índices para tablas volcadas
--

--
-- Indices de la tabla `comunas`
--
ALTER TABLE `comunas`
  ADD PRIMARY KEY (`id`);

--
-- Indices de la tabla `fotos`
--
ALTER TABLE `fotos`
  ADD PRIMARY KEY (`id_fotos`),
  ADD KEY `id_publicacion` (`id_publicacion`);

--
-- Indices de la tabla `log`
--
ALTER TABLE `log`
  ADD PRIMARY KEY (`id`),
  ADD KEY `id_usuario` (`id_usuario`);

--
-- Indices de la tabla `menu`
--
ALTER TABLE `menu`
  ADD PRIMARY KEY (`id_menu`);

--
-- Indices de la tabla `permisos`
--
ALTER TABLE `permisos`
  ADD PRIMARY KEY (`id_permisos`),
  ADD KEY `id_menu` (`id_menu`,`id_role`),
  ADD KEY `id_role` (`id_role`);

--
-- Indices de la tabla `persona`
--
ALTER TABLE `persona`
  ADD PRIMARY KEY (`per_codigo`),
  ADD KEY `per_usu_codigo` (`per_usu_codigo`);

--
-- Indices de la tabla `propiedad`
--
ALTER TABLE `propiedad`
  ADD PRIMARY KEY (`id_propiedad`),
  ADD KEY `id_usuario` (`id_usuario`);

--
-- Indices de la tabla `provincias`
--
ALTER TABLE `provincias`
  ADD PRIMARY KEY (`id`);

--
-- Indices de la tabla `regiones`
--
ALTER TABLE `regiones`
  ADD PRIMARY KEY (`id`);

--
-- Indices de la tabla `role`
--
ALTER TABLE `role`
  ADD PRIMARY KEY (`id_role`);

--
-- Indices de la tabla `usuario`
--
ALTER TABLE `usuario`
  ADD PRIMARY KEY (`id_usuario`),
  ADD KEY `id_role_2` (`id_role`),
  ADD KEY `id_role_3` (`id_role`),
  ADD KEY `id_role_4` (`id_role`),
  ADD KEY `id_role_5` (`id_role`);

--
-- AUTO_INCREMENT de las tablas volcadas
--

--
-- AUTO_INCREMENT de la tabla `comunas`
--
ALTER TABLE `comunas`
  MODIFY `id` int(11) NOT NULL AUTO_INCREMENT, AUTO_INCREMENT=348;

--
-- AUTO_INCREMENT de la tabla `fotos`
--
ALTER TABLE `fotos`
  MODIFY `id_fotos` int(11) NOT NULL AUTO_INCREMENT, AUTO_INCREMENT=66;

--
-- AUTO_INCREMENT de la tabla `log`
--
ALTER TABLE `log`
  MODIFY `id` int(11) NOT NULL AUTO_INCREMENT;

--
-- AUTO_INCREMENT de la tabla `menu`
--
ALTER TABLE `menu`
  MODIFY `id_menu` int(11) NOT NULL AUTO_INCREMENT;

--
-- AUTO_INCREMENT de la tabla `permisos`
--
ALTER TABLE `permisos`
  MODIFY `id_permisos` int(11) NOT NULL AUTO_INCREMENT;

--
-- AUTO_INCREMENT de la tabla `persona`
--
ALTER TABLE `persona`
  MODIFY `per_codigo` int(11) NOT NULL AUTO_INCREMENT COMMENT 'codigo persona pk auto incremental', AUTO_INCREMENT=8;

--
-- AUTO_INCREMENT de la tabla `propiedad`
--
ALTER TABLE `propiedad`
  MODIFY `id_propiedad` int(11) NOT NULL AUTO_INCREMENT, AUTO_INCREMENT=128;

--
-- AUTO_INCREMENT de la tabla `provincias`
--
ALTER TABLE `provincias`
  MODIFY `id` int(11) NOT NULL AUTO_INCREMENT, AUTO_INCREMENT=57;

--
-- AUTO_INCREMENT de la tabla `regiones`
--
ALTER TABLE `regiones`
  MODIFY `id` int(11) NOT NULL AUTO_INCREMENT, AUTO_INCREMENT=17;

--
-- AUTO_INCREMENT de la tabla `role`
--
ALTER TABLE `role`
  MODIFY `id_role` int(11) NOT NULL AUTO_INCREMENT, AUTO_INCREMENT=5;

--
-- AUTO_INCREMENT de la tabla `usuario`
--
ALTER TABLE `usuario`
  MODIFY `id_usuario` int(11) NOT NULL AUTO_INCREMENT, AUTO_INCREMENT=31;

--
-- Restricciones para tablas volcadas
--

--
-- Filtros para la tabla `fotos`
--
ALTER TABLE `fotos`
  ADD CONSTRAINT `fotos_ibfk_1` FOREIGN KEY (`id_publicacion`) REFERENCES `propiedad` (`id_propiedad`) ON DELETE CASCADE ON UPDATE CASCADE;

--
-- Filtros para la tabla `log`
--
ALTER TABLE `log`
  ADD CONSTRAINT `log_ibfk_1` FOREIGN KEY (`id_usuario`) REFERENCES `usuario` (`id_usuario`);

--
-- Filtros para la tabla `permisos`
--
ALTER TABLE `permisos`
  ADD CONSTRAINT `permisos_ibfk_1` FOREIGN KEY (`id_menu`) REFERENCES `menu` (`id_menu`) ON DELETE CASCADE ON UPDATE CASCADE,
  ADD CONSTRAINT `permisos_ibfk_2` FOREIGN KEY (`id_role`) REFERENCES `role` (`id_role`) ON DELETE CASCADE ON UPDATE CASCADE;

--
-- Filtros para la tabla `persona`
--
ALTER TABLE `persona`
  ADD CONSTRAINT `persona_ibfk_1` FOREIGN KEY (`per_usu_codigo`) REFERENCES `usuario` (`id_usuario`) ON DELETE NO ACTION ON UPDATE CASCADE;

--
-- Filtros para la tabla `propiedad`
--
ALTER TABLE `propiedad`
  ADD CONSTRAINT `propiedad_ibfk_1` FOREIGN KEY (`id_usuario`) REFERENCES `usuario` (`id_usuario`) ON DELETE CASCADE ON UPDATE CASCADE;

--
-- Filtros para la tabla `usuario`
--
ALTER TABLE `usuario`
  ADD CONSTRAINT `usuario_ibfk_1` FOREIGN KEY (`id_role`) REFERENCES `role` (`id_role`) ON DELETE CASCADE ON UPDATE CASCADE;
COMMIT;

/*!40101 SET CHARACTER_SET_CLIENT=@OLD_CHARACTER_SET_CLIENT */;
/*!40101 SET CHARACTER_SET_RESULTS=@OLD_CHARACTER_SET_RESULTS */;
/*!40101 SET COLLATION_CONNECTION=@OLD_COLLATION_CONNECTION */;
